,0,1
0,training\feature\brown\brown_brown_br- (1).jpg,0
1,training\feature\brown\brown_brown_br- (135).jpg,0
2,training\feature\brown\brown_brown_br- (136).jpg,0
3,training\feature\brown\brown_brown_br- (137).jpg,0
4,training\feature\brown\brown_brown_br- (138).jpg,0
5,training\feature\brown\brown_brown_br- (139).jpg,0
6,training\feature\brown\brown_brown_br- (140).jpg,0
7,training\feature\brown\brown_brown_br- (141).jpg,0
8,training\feature\brown\brown_brown_br- (142).jpg,0
9,training\feature\brown\brown_brown_br- (143).jpg,0
10,training\feature\brown\brown_brown_br- (144).jpg,0
11,training\feature\brown\brown_brown_br- (145).jpg,0
12,training\feature\brown\brown_brown_br- (146).jpg,0
13,training\feature\brown\brown_brown_br- (147).jpg,0
14,training\feature\brown\brown_brown_br- (148).jpg,0
15,training\feature\brown\brown_brown_br- (149).jpg,0
16,training\feature\brown\brown_brown_br- (150).jpg,0
17,training\feature\brown\brown_brown_br- (151).jpg,0
18,training\feature\brown\brown_brown_br- (152).jpg,0
19,training\feature\brown\brown_brown_br- (153).jpg,0
20,training\feature\brown\brown_brown_br- (154).jpg,0
21,training\feature\brown\brown_brown_br- (155).jpg,0
22,training\feature\brown\brown_brown_br- (156).jpg,0
23,training\feature\brown\brown_brown_br- (157).jpg,0
24,training\feature\brown\brown_brown_br- (158).jpg,0
25,training\feature\brown\brown_brown_br- (159).jpg,0
26,training\feature\brown\brown_brown_br- (160).jpg,0
27,training\feature\brown\brown_brown_br- (161).jpg,0
28,training\feature\brown\brown_brown_br- (162).jpg,0
29,training\feature\brown\brown_brown_br- (163).jpg,0
30,training\feature\brown\brown_brown_br- (164).jpg,0
31,training\feature\brown\brown_brown_br- (165).jpg,0
32,training\feature\brown\brown_brown_br- (166).jpg,0
33,training\feature\brown\brown_brown_br- (167).jpg,0
34,training\feature\brown\brown_brown_br- (168).jpg,0
35,training\feature\brown\brown_brown_br- (169).jpg,0
36,training\feature\brown\brown_brown_br- (170).jpg,0
37,training\feature\brown\brown_brown_br- (171).jpg,0
38,training\feature\brown\brown_brown_br- (172).jpg,0
39,training\feature\brown\brown_brown_br- (173).jpg,0
40,training\feature\brown\brown_brown_br- (174).jpg,0
41,training\feature\brown\brown_brown_br- (175).jpg,0
42,training\feature\brown\brown_brown_br- (176).jpg,0
43,training\feature\brown\brown_brown_br- (177).jpg,0
44,training\feature\brown\brown_brown_br- (178).jpg,0
45,training\feature\brown\brown_brown_br- (179).jpg,0
46,training\feature\brown\brown_brown_br- (180).jpg,0
47,training\feature\brown\brown_brown_br- (181).jpg,0
48,training\feature\brown\brown_brown_br- (182).jpg,0
49,training\feature\brown\brown_brown_br- (183).jpg,0
50,training\feature\brown\brown_brown_br- (184).jpg,0
51,training\feature\brown\brown_brown_br- (185).jpg,0
52,training\feature\brown\brown_brown_br- (186).jpg,0
53,training\feature\brown\brown_brown_br- (187).jpg,0
54,training\feature\brown\brown_brown_br- (188).jpg,0
55,training\feature\brown\brown_brown_br- (189).jpg,0
56,training\feature\brown\brown_brown_br- (190).jpg,0
57,training\feature\brown\brown_brown_br- (191).jpg,0
58,training\feature\brown\brown_brown_br- (192).jpg,0
59,training\feature\brown\brown_brown_br- (193).jpg,0
60,training\feature\brown\brown_brown_br- (194).jpg,0
61,training\feature\brown\brown_brown_br- (195).jpg,0
62,training\feature\brown\brown_brown_br- (196).jpg,0
63,training\feature\brown\brown_brown_br- (197).jpg,0
64,training\feature\brown\brown_brown_br- (198).jpg,0
65,training\feature\brown\brown_brown_br- (199).jpg,0
66,training\feature\brown\brown_brown_br- (2).jpg,0
67,training\feature\brown\brown_brown_br- (200).jpg,0
68,training\feature\brown\brown_brown_br- (201).jpg,0
69,training\feature\brown\brown_brown_br- (202).jpg,0
70,training\feature\brown\brown_brown_br- (203).jpg,0
71,training\feature\brown\brown_brown_br- (204).jpg,0
72,training\feature\brown\brown_brown_br- (205).jpg,0
73,training\feature\brown\brown_brown_br- (206).jpg,0
74,training\feature\brown\brown_brown_br- (207).jpg,0
75,training\feature\brown\brown_brown_br- (208).jpg,0
76,training\feature\brown\brown_brown_br- (209).jpg,0
77,training\feature\brown\brown_brown_br- (210).jpg,0
78,training\feature\brown\brown_brown_br- (211).jpg,0
79,training\feature\brown\brown_brown_br- (212).jpg,0
80,training\feature\brown\brown_brown_br- (213).jpg,0
81,training\feature\brown\brown_brown_br- (214).jpg,0
82,training\feature\brown\brown_brown_br- (215).jpg,0
83,training\feature\brown\brown_brown_br- (216).jpg,0
84,training\feature\brown\brown_brown_br- (217).jpg,0
85,training\feature\brown\brown_brown_br- (218).jpg,0
86,training\feature\brown\brown_brown_br- (219).jpg,0
87,training\feature\brown\brown_brown_br- (220).jpg,0
88,training\feature\brown\brown_brown_br- (221).jpg,0
89,training\feature\brown\brown_brown_br- (222).jpg,0
90,training\feature\brown\brown_brown_br- (223).jpg,0
91,training\feature\brown\brown_brown_br- (224).jpg,0
92,training\feature\brown\brown_brown_br- (225).jpg,0
93,training\feature\brown\brown_brown_br- (226).jpg,0
94,training\feature\brown\brown_brown_br- (227).jpg,0
95,training\feature\brown\brown_brown_br- (228).jpg,0
96,training\feature\brown\brown_brown_br- (229).jpg,0
97,training\feature\brown\brown_brown_br- (230).jpg,0
98,training\feature\brown\brown_brown_br- (231).jpg,0
99,training\feature\brown\brown_brown_br- (232).jpg,0
100,training\feature\brown\brown_brown_br- (233).jpg,0
101,training\feature\brown\brown_brown_br- (234).jpg,0
102,training\feature\brown\brown_brown_br- (235).jpg,0
103,training\feature\brown\brown_brown_br- (236).jpg,0
104,training\feature\brown\brown_brown_br- (237).jpg,0
105,training\feature\brown\brown_brown_br- (238).jpg,0
106,training\feature\brown\brown_brown_br- (239).jpg,0
107,training\feature\brown\brown_brown_br- (240).jpg,0
108,training\feature\brown\brown_brown_br- (241).jpg,0
109,training\feature\brown\brown_brown_br- (242).jpg,0
110,training\feature\brown\brown_brown_br- (243).jpg,0
111,training\feature\brown\brown_brown_br- (244).jpg,0
112,training\feature\brown\brown_brown_br- (245).jpg,0
113,training\feature\brown\brown_brown_br- (246).jpg,0
114,training\feature\brown\brown_brown_br- (247).jpg,0
115,training\feature\brown\brown_brown_br- (248).jpg,0
116,training\feature\brown\brown_brown_br- (249).jpg,0
117,training\feature\brown\brown_brown_br- (250).jpg,0
118,training\feature\brown\brown_brown_br- (251).jpg,0
119,training\feature\brown\brown_brown_br- (252).jpg,0
120,training\feature\brown\brown_brown_br- (253).jpg,0
121,training\feature\brown\brown_brown_br- (254).jpg,0
122,training\feature\brown\brown_brown_br- (255).jpg,0
123,training\feature\brown\brown_brown_br- (256).jpg,0
124,training\feature\brown\brown_brown_br- (257).jpg,0
125,training\feature\brown\brown_brown_br- (258).jpg,0
126,training\feature\brown\brown_brown_br- (259).jpg,0
127,training\feature\brown\brown_brown_br- (260).jpg,0
128,training\feature\brown\brown_brown_br- (261).jpg,0
129,training\feature\brown\brown_brown_br- (262).jpg,0
130,training\feature\brown\brown_brown_br- (263).jpg,0
131,training\feature\brown\brown_brown_br- (264).jpg,0
132,training\feature\brown\brown_brown_br- (265).jpg,0
133,training\feature\brown\brown_brown_br- (266).jpg,0
134,training\feature\brown\brown_brown_br- (267).jpg,0
135,training\feature\brown\brown_brown_br- (268).jpg,0
136,training\feature\brown\brown_brown_br- (269).jpg,0
137,training\feature\brown\brown_brown_br- (270).jpg,0
138,training\feature\brown\brown_brown_br- (271).jpg,0
139,training\feature\brown\brown_brown_br- (272).jpg,0
140,training\feature\brown\brown_brown_br- (273).jpg,0
141,training\feature\brown\brown_brown_br- (274).jpg,0
142,training\feature\brown\brown_brown_br- (275).jpg,0
143,training\feature\brown\brown_brown_br- (276).jpg,0
144,training\feature\brown\brown_brown_br- (277).jpg,0
145,training\feature\brown\brown_brown_br- (278).jpg,0
146,training\feature\brown\brown_brown_br- (279).jpg,0
147,training\feature\brown\brown_brown_br- (280).jpg,0
148,training\feature\brown\brown_brown_br- (281).jpg,0
149,training\feature\brown\brown_brown_br- (282).jpg,0
150,training\feature\brown\brown_brown_br- (283).jpg,0
151,training\feature\brown\brown_brown_br- (284).jpg,0
152,training\feature\brown\brown_brown_br- (285).jpg,0
153,training\feature\brown\brown_brown_br- (286).jpg,0
154,training\feature\brown\brown_brown_br- (287).jpg,0
155,training\feature\brown\brown_brown_br- (288).jpg,0
156,training\feature\brown\brown_brown_br- (289).jpg,0
157,training\feature\brown\brown_brown_br- (290).jpg,0
158,training\feature\brown\brown_brown_br- (291).jpg,0
159,training\feature\brown\brown_brown_br- (292).jpg,0
160,training\feature\brown\brown_brown_br- (293).jpg,0
161,training\feature\brown\brown_brown_br- (294).jpg,0
162,training\feature\brown\brown_brown_br- (295).jpg,0
163,training\feature\brown\brown_brown_br- (296).jpg,0
164,training\feature\brown\brown_brown_br- (297).jpg,0
165,training\feature\brown\brown_brown_br- (298).jpg,0
166,training\feature\brown\brown_brown_br- (299).jpg,0
167,training\feature\brown\brown_brown_br- (3).jpg,0
168,training\feature\brown\brown_brown_br- (300).jpg,0
169,training\feature\brown\brown_brown_br- (301).jpg,0
170,training\feature\brown\brown_brown_br- (302).jpg,0
171,training\feature\brown\brown_brown_br- (303).jpg,0
172,training\feature\brown\brown_brown_br- (304).jpg,0
173,training\feature\brown\brown_brown_br- (305).jpg,0
174,training\feature\brown\brown_brown_br- (306).jpg,0
175,training\feature\brown\brown_brown_br- (307).jpg,0
176,training\feature\brown\brown_brown_br- (308).jpg,0
177,training\feature\brown\brown_brown_br- (309).jpg,0
178,training\feature\brown\brown_brown_br- (310).jpg,0
179,training\feature\brown\brown_brown_br- (311).jpg,0
180,training\feature\brown\brown_brown_br- (312).jpg,0
181,training\feature\brown\brown_brown_br- (313).jpg,0
182,training\feature\brown\brown_brown_br- (314).jpg,0
183,training\feature\brown\brown_brown_br- (315).jpg,0
184,training\feature\brown\brown_brown_br- (316).jpg,0
185,training\feature\brown\brown_brown_br- (317).jpg,0
186,training\feature\brown\brown_brown_br- (318).jpg,0
187,training\feature\brown\brown_brown_br- (319).jpg,0
188,training\feature\brown\brown_brown_br- (320).jpg,0
189,training\feature\brown\brown_brown_br- (321).jpg,0
190,training\feature\brown\brown_brown_br- (322).jpg,0
191,training\feature\brown\brown_brown_br- (323).jpg,0
192,training\feature\brown\brown_brown_br- (324).jpg,0
193,training\feature\brown\brown_brown_br- (325).jpg,0
194,training\feature\brown\brown_brown_br- (326).jpg,0
195,training\feature\brown\brown_brown_br- (327).jpg,0
196,training\feature\brown\brown_brown_br- (328).jpg,0
197,training\feature\brown\brown_brown_br- (329).jpg,0
198,training\feature\brown\brown_brown_br- (33).jpg,0
199,training\feature\brown\brown_brown_br- (330).jpg,0
200,training\feature\brown\brown_brown_br- (331).jpg,0
201,training\feature\brown\brown_brown_br- (332).jpg,0
202,training\feature\brown\brown_brown_br- (333).jpg,0
203,training\feature\brown\brown_brown_br- (334).jpg,0
204,training\feature\brown\brown_brown_br- (335).jpg,0
205,training\feature\brown\brown_brown_br- (336).jpg,0
206,training\feature\brown\brown_brown_br- (337).jpg,0
207,training\feature\brown\brown_brown_br- (338).jpg,0
208,training\feature\brown\brown_brown_br- (339).jpg,0
209,training\feature\brown\brown_brown_br- (34).jpg,0
210,training\feature\brown\brown_brown_br- (340).jpg,0
211,training\feature\brown\brown_brown_br- (341).jpg,0
212,training\feature\brown\brown_brown_br- (342).jpg,0
213,training\feature\brown\brown_brown_br- (345).jpg,0
214,training\feature\brown\brown_brown_br- (346).jpg,0
215,training\feature\brown\brown_brown_br- (347).jpg,0
216,training\feature\brown\brown_brown_br- (348).jpg,0
217,training\feature\brown\brown_brown_br- (349).jpg,0
218,training\feature\brown\brown_brown_br- (35).jpg,0
219,training\feature\brown\brown_brown_br- (350).jpg,0
220,training\feature\brown\brown_brown_br- (351).jpg,0
221,training\feature\brown\brown_brown_br- (352).jpg,0
222,training\feature\brown\brown_brown_br- (353).jpg,0
223,training\feature\brown\brown_brown_br- (354).jpg,0
224,training\feature\brown\brown_brown_br- (355).jpg,0
225,training\feature\brown\brown_brown_br- (356).jpg,0
226,training\feature\brown\brown_brown_br- (357).jpg,0
227,training\feature\brown\brown_brown_br- (358).jpg,0
228,training\feature\brown\brown_brown_br- (359).jpg,0
229,training\feature\brown\brown_brown_br- (36).jpg,0
230,training\feature\brown\brown_brown_br- (360).jpg,0
231,training\feature\brown\brown_brown_br- (361).jpg,0
232,training\feature\brown\brown_brown_br- (362).jpg,0
233,training\feature\brown\brown_brown_br- (363).jpg,0
234,training\feature\brown\brown_brown_br- (364).jpg,0
235,training\feature\brown\brown_brown_br- (365).jpg,0
236,training\feature\brown\brown_brown_br- (366).jpg,0
237,training\feature\brown\brown_brown_br- (367).jpg,0
238,training\feature\brown\brown_brown_br- (368).jpg,0
239,training\feature\brown\brown_brown_br- (369).jpg,0
240,training\feature\brown\brown_brown_br- (37).jpg,0
241,training\feature\brown\brown_brown_br- (370).jpg,0
242,training\feature\brown\brown_brown_br- (371).jpg,0
243,training\feature\brown\brown_brown_br- (372).jpg,0
244,training\feature\brown\brown_brown_br- (373).jpg,0
245,training\feature\brown\brown_brown_br- (374).jpg,0
246,training\feature\brown\brown_brown_br- (375).jpg,0
247,training\feature\brown\brown_brown_br- (376).jpg,0
248,training\feature\brown\brown_brown_br- (377).jpg,0
249,training\feature\brown\brown_brown_br- (378).jpg,0
250,training\feature\brown\brown_brown_br- (379).jpg,0
251,training\feature\brown\brown_brown_br- (38).jpg,0
252,training\feature\brown\brown_brown_br- (380).jpg,0
253,training\feature\brown\brown_brown_br- (381).jpg,0
254,training\feature\brown\brown_brown_br- (382).jpg,0
255,training\feature\brown\brown_brown_br- (383).jpg,0
256,training\feature\brown\brown_brown_br- (384).jpg,0
257,training\feature\brown\brown_brown_br- (385).jpg,0
258,training\feature\brown\brown_brown_br- (386).jpg,0
259,training\feature\brown\brown_brown_br- (387).jpg,0
260,training\feature\brown\brown_brown_br- (388).jpg,0
261,training\feature\brown\brown_brown_br- (389).jpg,0
262,training\feature\brown\brown_brown_br- (39).jpg,0
263,training\feature\brown\brown_brown_br- (390).jpg,0
264,training\feature\brown\brown_brown_br- (391).jpg,0
265,training\feature\brown\brown_brown_br- (392).jpg,0
266,training\feature\brown\brown_brown_br- (393).jpg,0
267,training\feature\brown\brown_brown_br- (394).jpg,0
268,training\feature\brown\brown_brown_br- (395).jpg,0
269,training\feature\brown\brown_brown_br- (396).jpg,0
270,training\feature\brown\brown_brown_br- (397).jpg,0
271,training\feature\brown\brown_brown_br- (398).jpg,0
272,training\feature\brown\brown_brown_br- (399).jpg,0
273,training\feature\brown\brown_brown_br- (4).jpg,0
274,training\feature\brown\brown_brown_br- (40).jpg,0
275,training\feature\brown\brown_brown_br- (400).jpg,0
276,training\feature\brown\brown_brown_br- (401).jpg,0
277,training\feature\brown\brown_brown_br- (402).jpg,0
278,training\feature\brown\brown_brown_br- (403).jpg,0
279,training\feature\brown\brown_brown_br- (404).jpg,0
280,training\feature\brown\brown_brown_br- (405).jpg,0
281,training\feature\brown\brown_brown_br- (41).jpg,0
282,training\feature\brown\brown_brown_br- (42).jpg,0
283,training\feature\brown\brown_brown_br- (421).jpg,0
284,training\feature\brown\brown_brown_br- (422).jpg,0
285,training\feature\brown\brown_brown_br- (423).jpg,0
286,training\feature\brown\brown_brown_br- (424).jpg,0
287,training\feature\brown\brown_brown_br- (425).jpg,0
288,training\feature\brown\brown_brown_br- (426).jpg,0
289,training\feature\brown\brown_brown_br- (427).jpg,0
290,training\feature\brown\brown_brown_br- (428).jpg,0
291,training\feature\brown\brown_brown_br- (429).jpg,0
292,training\feature\brown\brown_brown_br- (43).jpg,0
293,training\feature\brown\brown_brown_br- (430).jpg,0
294,training\feature\brown\brown_brown_br- (431).jpg,0
295,training\feature\brown\brown_brown_br- (432).jpg,0
296,training\feature\brown\brown_brown_br- (433).jpg,0
297,training\feature\brown\brown_brown_br- (434).jpg,0
298,training\feature\brown\brown_brown_br- (435).jpg,0
299,training\feature\brown\brown_brown_br- (436).jpg,0
300,training\feature\brown\brown_brown_br- (437).jpg,0
301,training\feature\brown\brown_brown_br- (438).jpg,0
302,training\feature\brown\brown_brown_br- (439).jpg,0
303,training\feature\brown\brown_brown_br- (44).jpg,0
304,training\feature\brown\brown_brown_br- (440).jpg,0
305,training\feature\brown\brown_brown_br- (441).jpg,0
306,training\feature\brown\brown_brown_br- (45).jpg,0
307,training\feature\brown\brown_brown_br- (46).jpg,0
308,training\feature\brown\brown_brown_br- (47).jpg,0
309,training\feature\brown\brown_brown_br- (48).jpg,0
310,training\feature\brown\brown_brown_br- (49).jpg,0
311,training\feature\brown\brown_brown_br- (5).jpg,0
312,training\feature\brown\brown_brown_br- (50).jpg,0
313,training\feature\brown\brown_brown_br- (51).jpg,0
314,training\feature\brown\brown_brown_br- (52).jpg,0
315,training\feature\brown\brown_brown_br- (53).jpg,0
316,training\feature\brown\brown_brown_br- (54).jpg,0
317,training\feature\brown\brown_brown_br- (55).jpg,0
318,training\feature\brown\brown_brown_br- (56).jpg,0
319,training\feature\brown\brown_brown_br- (57).jpg,0
320,training\feature\brown\brown_brown_br- (58).jpg,0
321,training\feature\brown\brown_brown_br- (59).jpg,0
322,training\feature\brown\brown_brown_br- (6).jpg,0
323,training\feature\brown\brown_brown_br- (60).jpg,0
324,training\feature\brown\brown_brown_br- (61).jpg,0
325,training\feature\brown\brown_brown_br- (62).jpg,0
326,training\feature\brown\brown_brown_br- (63).jpg,0
327,training\feature\brown\brown_brown_br- (7).jpg,0
328,training\feature\brown\brown_brown_br- (8).jpg,0
329,training\feature\brown\brown_brown_br- (9).jpg,0
330,training\feature\orange\orange_orange_or- (1).jpg,1
331,training\feature\orange\orange_orange_or- (10).jpg,1
332,training\feature\orange\orange_orange_or- (100).jpg,1
333,training\feature\orange\orange_orange_or- (101).jpg,1
334,training\feature\orange\orange_orange_or- (102).jpg,1
335,training\feature\orange\orange_orange_or- (103).jpg,1
336,training\feature\orange\orange_orange_or- (104).jpg,1
337,training\feature\orange\orange_orange_or- (105).jpg,1
338,training\feature\orange\orange_orange_or- (106).jpg,1
339,training\feature\orange\orange_orange_or- (107).jpg,1
340,training\feature\orange\orange_orange_or- (108).jpg,1
341,training\feature\orange\orange_orange_or- (109).jpg,1
342,training\feature\orange\orange_orange_or- (110).jpg,1
343,training\feature\orange\orange_orange_or- (111).jpg,1
344,training\feature\orange\orange_orange_or- (112).jpg,1
345,training\feature\orange\orange_orange_or- (113).jpg,1
346,training\feature\orange\orange_orange_or- (114).jpg,1
347,training\feature\orange\orange_orange_or- (115).jpg,1
348,training\feature\orange\orange_orange_or- (116).jpg,1
349,training\feature\orange\orange_orange_or- (117).jpg,1
350,training\feature\orange\orange_orange_or- (118).jpg,1
351,training\feature\orange\orange_orange_or- (119).jpg,1
352,training\feature\orange\orange_orange_or- (120).jpg,1
353,training\feature\orange\orange_orange_or- (121).jpg,1
354,training\feature\orange\orange_orange_or- (122).jpg,1
355,training\feature\orange\orange_orange_or- (123).jpg,1
356,training\feature\orange\orange_orange_or- (124).jpg,1
357,training\feature\orange\orange_orange_or- (125).jpg,1
358,training\feature\orange\orange_orange_or- (126).jpg,1
359,training\feature\orange\orange_orange_or- (127).jpg,1
360,training\feature\orange\orange_orange_or- (128).jpg,1
361,training\feature\orange\orange_orange_or- (129).jpg,1
362,training\feature\orange\orange_orange_or- (130).jpg,1
363,training\feature\orange\orange_orange_or- (131).jpg,1
364,training\feature\orange\orange_orange_or- (132).jpg,1
365,training\feature\orange\orange_orange_or- (133).jpg,1
366,training\feature\orange\orange_orange_or- (134).jpg,1
367,training\feature\orange\orange_orange_or- (135).jpg,1
368,training\feature\orange\orange_orange_or- (136).jpg,1
369,training\feature\orange\orange_orange_or- (137).jpg,1
370,training\feature\orange\orange_orange_or- (142).jpg,1
371,training\feature\orange\orange_orange_or- (143).jpg,1
372,training\feature\orange\orange_orange_or- (144).jpg,1
373,training\feature\orange\orange_orange_or- (145).jpg,1
374,training\feature\orange\orange_orange_or- (146).jpg,1
375,training\feature\orange\orange_orange_or- (147).jpg,1
376,training\feature\orange\orange_orange_or- (148).jpg,1
377,training\feature\orange\orange_orange_or- (149).jpg,1
378,training\feature\orange\orange_orange_or- (150).jpg,1
379,training\feature\orange\orange_orange_or- (151).jpg,1
380,training\feature\orange\orange_orange_or- (168).jpg,1
381,training\feature\orange\orange_orange_or- (169).jpg,1
382,training\feature\orange\orange_orange_or- (2).jpg,1
383,training\feature\orange\orange_orange_or- (205).jpg,1
384,training\feature\orange\orange_orange_or- (206).jpg,1
385,training\feature\orange\orange_orange_or- (207).jpg,1
386,training\feature\orange\orange_orange_or- (208).jpg,1
387,training\feature\orange\orange_orange_or- (209).jpg,1
388,training\feature\orange\orange_orange_or- (210).jpg,1
389,training\feature\orange\orange_orange_or- (211).jpg,1
390,training\feature\orange\orange_orange_or- (212).jpg,1
391,training\feature\orange\orange_orange_or- (213).jpg,1
392,training\feature\orange\orange_orange_or- (234).jpg,1
393,training\feature\orange\orange_orange_or- (235).jpg,1
394,training\feature\orange\orange_orange_or- (236).jpg,1
395,training\feature\orange\orange_orange_or- (237).jpg,1
396,training\feature\orange\orange_orange_or- (238).jpg,1
397,training\feature\orange\orange_orange_or- (239).jpg,1
398,training\feature\orange\orange_orange_or- (240).jpg,1
399,training\feature\orange\orange_orange_or- (241).jpg,1
400,training\feature\orange\orange_orange_or- (242).jpg,1
401,training\feature\orange\orange_orange_or- (243).jpg,1
402,training\feature\orange\orange_orange_or- (244).jpg,1
403,training\feature\orange\orange_orange_or- (245).jpg,1
404,training\feature\orange\orange_orange_or- (246).jpg,1
405,training\feature\orange\orange_orange_or- (247).jpg,1
406,training\feature\orange\orange_orange_or- (248).jpg,1
407,training\feature\orange\orange_orange_or- (249).jpg,1
408,training\feature\orange\orange_orange_or- (250).jpg,1
409,training\feature\orange\orange_orange_or- (251).jpg,1
410,training\feature\orange\orange_orange_or- (252).jpg,1
411,training\feature\orange\orange_orange_or- (253).jpg,1
412,training\feature\orange\orange_orange_or- (254).jpg,1
413,training\feature\orange\orange_orange_or- (255).jpg,1
414,training\feature\orange\orange_orange_or- (256).jpg,1
415,training\feature\orange\orange_orange_or- (257).jpg,1
416,training\feature\orange\orange_orange_or- (258).jpg,1
417,training\feature\orange\orange_orange_or- (259).jpg,1
418,training\feature\orange\orange_orange_or- (260).jpg,1
419,training\feature\orange\orange_orange_or- (261).jpg,1
420,training\feature\orange\orange_orange_or- (262).jpg,1
421,training\feature\orange\orange_orange_or- (263).jpg,1
422,training\feature\orange\orange_orange_or- (264).jpg,1
423,training\feature\orange\orange_orange_or- (265).jpg,1
424,training\feature\orange\orange_orange_or- (266).jpg,1
425,training\feature\orange\orange_orange_or- (267).jpg,1
426,training\feature\orange\orange_orange_or- (268).jpg,1
427,training\feature\orange\orange_orange_or- (269).jpg,1
428,training\feature\orange\orange_orange_or- (270).jpg,1
429,training\feature\orange\orange_orange_or- (271).jpg,1
430,training\feature\orange\orange_orange_or- (272).jpg,1
431,training\feature\orange\orange_orange_or- (273).jpg,1
432,training\feature\orange\orange_orange_or- (274).jpg,1
433,training\feature\orange\orange_orange_or- (275).jpg,1
434,training\feature\orange\orange_orange_or- (276).jpg,1
435,training\feature\orange\orange_orange_or- (277).jpg,1
436,training\feature\orange\orange_orange_or- (278).jpg,1
437,training\feature\orange\orange_orange_or- (279).jpg,1
438,training\feature\orange\orange_orange_or- (280).jpg,1
439,training\feature\orange\orange_orange_or- (281).jpg,1
440,training\feature\orange\orange_orange_or- (282).jpg,1
441,training\feature\orange\orange_orange_or- (283).jpg,1
442,training\feature\orange\orange_orange_or- (284).jpg,1
443,training\feature\orange\orange_orange_or- (285).jpg,1
444,training\feature\orange\orange_orange_or- (286).jpg,1
445,training\feature\orange\orange_orange_or- (287).jpg,1
446,training\feature\orange\orange_orange_or- (288).jpg,1
447,training\feature\orange\orange_orange_or- (289).jpg,1
448,training\feature\orange\orange_orange_or- (290).jpg,1
449,training\feature\orange\orange_orange_or- (291).jpg,1
450,training\feature\orange\orange_orange_or- (292).jpg,1
451,training\feature\orange\orange_orange_or- (293).jpg,1
452,training\feature\orange\orange_orange_or- (294).jpg,1
453,training\feature\orange\orange_orange_or- (295).jpg,1
454,training\feature\orange\orange_orange_or- (296).jpg,1
455,training\feature\orange\orange_orange_or- (297).jpg,1
456,training\feature\orange\orange_orange_or- (298).jpg,1
457,training\feature\orange\orange_orange_or- (299).jpg,1
458,training\feature\orange\orange_orange_or- (3).jpg,1
459,training\feature\orange\orange_orange_or- (300).jpg,1
460,training\feature\orange\orange_orange_or- (301).jpg,1
461,training\feature\orange\orange_orange_or- (302).jpg,1
462,training\feature\orange\orange_orange_or- (303).jpg,1
463,training\feature\orange\orange_orange_or- (304).jpg,1
464,training\feature\orange\orange_orange_or- (305).jpg,1
465,training\feature\orange\orange_orange_or- (330).jpg,1
466,training\feature\orange\orange_orange_or- (331).jpg,1
467,training\feature\orange\orange_orange_or- (332).jpg,1
468,training\feature\orange\orange_orange_or- (333).jpg,1
469,training\feature\orange\orange_orange_or- (334).jpg,1
470,training\feature\orange\orange_orange_or- (335).jpg,1
471,training\feature\orange\orange_orange_or- (336).jpg,1
472,training\feature\orange\orange_orange_or- (337).jpg,1
473,training\feature\orange\orange_orange_or- (338).jpg,1
474,training\feature\orange\orange_orange_or- (339).jpg,1
475,training\feature\orange\orange_orange_or- (340).jpg,1
476,training\feature\orange\orange_orange_or- (353).jpg,1
477,training\feature\orange\orange_orange_or- (354).jpg,1
478,training\feature\orange\orange_orange_or- (355).jpg,1
479,training\feature\orange\orange_orange_or- (356).jpg,1
480,training\feature\orange\orange_orange_or- (357).jpg,1
481,training\feature\orange\orange_orange_or- (358).jpg,1
482,training\feature\orange\orange_orange_or- (359).jpg,1
483,training\feature\orange\orange_orange_or- (360).jpg,1
484,training\feature\orange\orange_orange_or- (361).jpg,1
485,training\feature\orange\orange_orange_or- (362).jpg,1
486,training\feature\orange\orange_orange_or- (363).jpg,1
487,training\feature\orange\orange_orange_or- (364).jpg,1
488,training\feature\orange\orange_orange_or- (365).jpg,1
489,training\feature\orange\orange_orange_or- (366).jpg,1
490,training\feature\orange\orange_orange_or- (367).jpg,1
491,training\feature\orange\orange_orange_or- (368).jpg,1
492,training\feature\orange\orange_orange_or- (369).jpg,1
493,training\feature\orange\orange_orange_or- (370).jpg,1
494,training\feature\orange\orange_orange_or- (371).jpg,1
495,training\feature\orange\orange_orange_or- (372).jpg,1
496,training\feature\orange\orange_orange_or- (373).jpg,1
497,training\feature\orange\orange_orange_or- (374).jpg,1
498,training\feature\orange\orange_orange_or- (375).jpg,1
499,training\feature\orange\orange_orange_or- (376).jpg,1
500,training\feature\orange\orange_orange_or- (377).jpg,1
501,training\feature\orange\orange_orange_or- (378).jpg,1
502,training\feature\orange\orange_orange_or- (379).jpg,1
503,training\feature\orange\orange_orange_or- (380).jpg,1
504,training\feature\orange\orange_orange_or- (381).jpg,1
505,training\feature\orange\orange_orange_or- (382).jpg,1
506,training\feature\orange\orange_orange_or- (383).jpg,1
507,training\feature\orange\orange_orange_or- (384).jpg,1
508,training\feature\orange\orange_orange_or- (385).jpg,1
509,training\feature\orange\orange_orange_or- (386).jpg,1
510,training\feature\orange\orange_orange_or- (387).jpg,1
511,training\feature\orange\orange_orange_or- (388).jpg,1
512,training\feature\orange\orange_orange_or- (389).jpg,1
513,training\feature\orange\orange_orange_or- (390).jpg,1
514,training\feature\orange\orange_orange_or- (391).jpg,1
515,training\feature\orange\orange_orange_or- (392).jpg,1
516,training\feature\orange\orange_orange_or- (393).jpg,1
517,training\feature\orange\orange_orange_or- (394).jpg,1
518,training\feature\orange\orange_orange_or- (4).jpg,1
519,training\feature\orange\orange_orange_or- (42).jpg,1
520,training\feature\orange\orange_orange_or- (43).jpg,1
521,training\feature\orange\orange_orange_or- (438).jpg,1
522,training\feature\orange\orange_orange_or- (439).jpg,1
523,training\feature\orange\orange_orange_or- (44).jpg,1
524,training\feature\orange\orange_orange_or- (440).jpg,1
525,training\feature\orange\orange_orange_or- (441).jpg,1
526,training\feature\orange\orange_orange_or- (442).jpg,1
527,training\feature\orange\orange_orange_or- (443).jpg,1
528,training\feature\orange\orange_orange_or- (444).jpg,1
529,training\feature\orange\orange_orange_or- (445).jpg,1
530,training\feature\orange\orange_orange_or- (446).jpg,1
531,training\feature\orange\orange_orange_or- (447).jpg,1
532,training\feature\orange\orange_orange_or- (448).jpg,1
533,training\feature\orange\orange_orange_or- (449).jpg,1
534,training\feature\orange\orange_orange_or- (45).jpg,1
535,training\feature\orange\orange_orange_or- (450).jpg,1
536,training\feature\orange\orange_orange_or- (451).jpg,1
537,training\feature\orange\orange_orange_or- (46).jpg,1
538,training\feature\orange\orange_orange_or- (47).jpg,1
539,training\feature\orange\orange_orange_or- (48).jpg,1
540,training\feature\orange\orange_orange_or- (49).jpg,1
541,training\feature\orange\orange_orange_or- (5).jpg,1
542,training\feature\orange\orange_orange_or- (50).jpg,1
543,training\feature\orange\orange_orange_or- (509).jpg,1
544,training\feature\orange\orange_orange_or- (51).jpg,1
545,training\feature\orange\orange_orange_or- (510).jpg,1
546,training\feature\orange\orange_orange_or- (511).jpg,1
547,training\feature\orange\orange_orange_or- (512).jpg,1
548,training\feature\orange\orange_orange_or- (513).jpg,1
549,training\feature\orange\orange_orange_or- (514).jpg,1
550,training\feature\orange\orange_orange_or- (515).jpg,1
551,training\feature\orange\orange_orange_or- (516).jpg,1
552,training\feature\orange\orange_orange_or- (517).jpg,1
553,training\feature\orange\orange_orange_or- (518).jpg,1
554,training\feature\orange\orange_orange_or- (519).jpg,1
555,training\feature\orange\orange_orange_or- (52).jpg,1
556,training\feature\orange\orange_orange_or- (520).jpg,1
557,training\feature\orange\orange_orange_or- (521).jpg,1
558,training\feature\orange\orange_orange_or- (522).jpg,1
559,training\feature\orange\orange_orange_or- (523).jpg,1
560,training\feature\orange\orange_orange_or- (524).jpg,1
561,training\feature\orange\orange_orange_or- (525).jpg,1
562,training\feature\orange\orange_orange_or- (526).jpg,1
563,training\feature\orange\orange_orange_or- (527).jpg,1
564,training\feature\orange\orange_orange_or- (528).jpg,1
565,training\feature\orange\orange_orange_or- (529).jpg,1
566,training\feature\orange\orange_orange_or- (53).jpg,1
567,training\feature\orange\orange_orange_or- (530).jpg,1
568,training\feature\orange\orange_orange_or- (531).jpg,1
569,training\feature\orange\orange_orange_or- (532).jpg,1
570,training\feature\orange\orange_orange_or- (533).jpg,1
571,training\feature\orange\orange_orange_or- (534).jpg,1
572,training\feature\orange\orange_orange_or- (535).jpg,1
573,training\feature\orange\orange_orange_or- (536).jpg,1
574,training\feature\orange\orange_orange_or- (537).jpg,1
575,training\feature\orange\orange_orange_or- (538).jpg,1
576,training\feature\orange\orange_orange_or- (539).jpg,1
577,training\feature\orange\orange_orange_or- (54).jpg,1
578,training\feature\orange\orange_orange_or- (540).jpg,1
579,training\feature\orange\orange_orange_or- (541).jpg,1
580,training\feature\orange\orange_orange_or- (542).jpg,1
581,training\feature\orange\orange_orange_or- (543).jpg,1
582,training\feature\orange\orange_orange_or- (544).jpg,1
583,training\feature\orange\orange_orange_or- (545).jpg,1
584,training\feature\orange\orange_orange_or- (546).jpg,1
585,training\feature\orange\orange_orange_or- (55).jpg,1
586,training\feature\orange\orange_orange_or- (554).jpg,1
587,training\feature\orange\orange_orange_or- (555).jpg,1
588,training\feature\orange\orange_orange_or- (556).jpg,1
589,training\feature\orange\orange_orange_or- (557).jpg,1
590,training\feature\orange\orange_orange_or- (558).jpg,1
591,training\feature\orange\orange_orange_or- (559).jpg,1
592,training\feature\orange\orange_orange_or- (56).jpg,1
593,training\feature\orange\orange_orange_or- (560).jpg,1
594,training\feature\orange\orange_orange_or- (57).jpg,1
595,training\feature\orange\orange_orange_or- (578).jpg,1
596,training\feature\orange\orange_orange_or- (579).jpg,1
597,training\feature\orange\orange_orange_or- (58).jpg,1
598,training\feature\orange\orange_orange_or- (580).jpg,1
599,training\feature\orange\orange_orange_or- (581).jpg,1
600,training\feature\orange\orange_orange_or- (582).jpg,1
601,training\feature\orange\orange_orange_or- (583).jpg,1
602,training\feature\orange\orange_orange_or- (584).jpg,1
603,training\feature\orange\orange_orange_or- (585).jpg,1
604,training\feature\orange\orange_orange_or- (586).jpg,1
605,training\feature\orange\orange_orange_or- (587).jpg,1
606,training\feature\orange\orange_orange_or- (588).jpg,1
607,training\feature\orange\orange_orange_or- (589).jpg,1
608,training\feature\orange\orange_orange_or- (59).jpg,1
609,training\feature\orange\orange_orange_or- (590).jpg,1
610,training\feature\orange\orange_orange_or- (591).jpg,1
611,training\feature\orange\orange_orange_or- (592).jpg,1
612,training\feature\orange\orange_orange_or- (593).jpg,1
613,training\feature\orange\orange_orange_or- (594).jpg,1
614,training\feature\orange\orange_orange_or- (595).jpg,1
615,training\feature\orange\orange_orange_or- (596).jpg,1
616,training\feature\orange\orange_orange_or- (6).jpg,1
617,training\feature\orange\orange_orange_or- (60).jpg,1
618,training\feature\orange\orange_orange_or- (61).jpg,1
619,training\feature\orange\orange_orange_or- (62).jpg,1
620,training\feature\orange\orange_orange_or- (63).jpg,1
621,training\feature\orange\orange_orange_or- (64).jpg,1
622,training\feature\orange\orange_orange_or- (65).jpg,1
623,training\feature\orange\orange_orange_or- (66).jpg,1
624,training\feature\orange\orange_orange_or- (67).jpg,1
625,training\feature\orange\orange_orange_or- (68).jpg,1
626,training\feature\orange\orange_orange_or- (69).jpg,1
627,training\feature\orange\orange_orange_or- (7).jpg,1
628,training\feature\orange\orange_orange_or- (70).jpg,1
629,training\feature\orange\orange_orange_or- (71).jpg,1
630,training\feature\orange\orange_orange_or- (72).jpg,1
631,training\feature\orange\orange_orange_or- (73).jpg,1
632,training\feature\orange\orange_orange_or- (74).jpg,1
633,training\feature\orange\orange_orange_or- (75).jpg,1
634,training\feature\orange\orange_orange_or- (76).jpg,1
635,training\feature\orange\orange_orange_or- (77).jpg,1
636,training\feature\orange\orange_orange_or- (78).jpg,1
637,training\feature\orange\orange_orange_or- (79).jpg,1
638,training\feature\orange\orange_orange_or- (8).jpg,1
639,training\feature\orange\orange_orange_or- (80).jpg,1
640,training\feature\orange\orange_orange_or- (81).jpg,1
641,training\feature\orange\orange_orange_or- (82).jpg,1
642,training\feature\orange\orange_orange_or- (83).jpg,1
643,training\feature\orange\orange_orange_or- (84).jpg,1
644,training\feature\orange\orange_orange_or- (85).jpg,1
645,training\feature\orange\orange_orange_or- (86).jpg,1
646,training\feature\orange\orange_orange_or- (87).jpg,1
647,training\feature\orange\orange_orange_or- (88).jpg,1
648,training\feature\orange\orange_orange_or- (89).jpg,1
649,training\feature\orange\orange_orange_or- (9).jpg,1
650,training\feature\orange\orange_orange_or- (90).jpg,1
651,training\feature\orange\orange_orange_or- (91).jpg,1
652,training\feature\orange\orange_orange_or- (92).jpg,1
653,training\feature\orange\orange_orange_or- (93).jpg,1
654,training\feature\orange\orange_orange_or- (94).jpg,1
655,training\feature\orange\orange_orange_or- (95).jpg,1
656,training\feature\orange\orange_orange_or- (96).jpg,1
657,training\feature\orange\orange_orange_or- (97).jpg,1
658,training\feature\orange\orange_orange_or- (98).jpg,1
659,training\feature\orange\orange_orange_or- (99).jpg,1
660,training\feature\yellow\yellow_yellow_yl- (1).jpg,2
661,training\feature\yellow\yellow_yellow_yl- (10).jpg,2
662,training\feature\yellow\yellow_yellow_yl- (100).jpg,2
663,training\feature\yellow\yellow_yellow_yl- (101).jpg,2
664,training\feature\yellow\yellow_yellow_yl- (102).jpg,2
665,training\feature\yellow\yellow_yellow_yl- (103).jpg,2
666,training\feature\yellow\yellow_yellow_yl- (104).jpg,2
667,training\feature\yellow\yellow_yellow_yl- (105).jpg,2
668,training\feature\yellow\yellow_yellow_yl- (106).jpg,2
669,training\feature\yellow\yellow_yellow_yl- (107).jpg,2
670,training\feature\yellow\yellow_yellow_yl- (108).jpg,2
671,training\feature\yellow\yellow_yellow_yl- (109).jpg,2
672,training\feature\yellow\yellow_yellow_yl- (11).jpg,2
673,training\feature\yellow\yellow_yellow_yl- (110).jpg,2
674,training\feature\yellow\yellow_yellow_yl- (111).jpg,2
675,training\feature\yellow\yellow_yellow_yl- (112).jpg,2
676,training\feature\yellow\yellow_yellow_yl- (113).jpg,2
677,training\feature\yellow\yellow_yellow_yl- (114).jpg,2
678,training\feature\yellow\yellow_yellow_yl- (115).jpg,2
679,training\feature\yellow\yellow_yellow_yl- (116).jpg,2
680,training\feature\yellow\yellow_yellow_yl- (117).jpg,2
681,training\feature\yellow\yellow_yellow_yl- (118).jpg,2
682,training\feature\yellow\yellow_yellow_yl- (119).jpg,2
683,training\feature\yellow\yellow_yellow_yl- (12).jpg,2
684,training\feature\yellow\yellow_yellow_yl- (120).jpg,2
685,training\feature\yellow\yellow_yellow_yl- (121).jpg,2
686,training\feature\yellow\yellow_yellow_yl- (122).jpg,2
687,training\feature\yellow\yellow_yellow_yl- (123).jpg,2
688,training\feature\yellow\yellow_yellow_yl- (124).jpg,2
689,training\feature\yellow\yellow_yellow_yl- (125).jpg,2
690,training\feature\yellow\yellow_yellow_yl- (126).jpg,2
691,training\feature\yellow\yellow_yellow_yl- (127).jpg,2
692,training\feature\yellow\yellow_yellow_yl- (128).jpg,2
693,training\feature\yellow\yellow_yellow_yl- (129).jpg,2
694,training\feature\yellow\yellow_yellow_yl- (13).jpg,2
695,training\feature\yellow\yellow_yellow_yl- (130).jpg,2
696,training\feature\yellow\yellow_yellow_yl- (131).jpg,2
697,training\feature\yellow\yellow_yellow_yl- (132).jpg,2
698,training\feature\yellow\yellow_yellow_yl- (133).jpg,2
699,training\feature\yellow\yellow_yellow_yl- (134).jpg,2
700,training\feature\yellow\yellow_yellow_yl- (135).jpg,2
701,training\feature\yellow\yellow_yellow_yl- (136).jpg,2
702,training\feature\yellow\yellow_yellow_yl- (137).jpg,2
703,training\feature\yellow\yellow_yellow_yl- (138).jpg,2
704,training\feature\yellow\yellow_yellow_yl- (139).jpg,2
705,training\feature\yellow\yellow_yellow_yl- (14).jpg,2
706,training\feature\yellow\yellow_yellow_yl- (140).jpg,2
707,training\feature\yellow\yellow_yellow_yl- (141).jpg,2
708,training\feature\yellow\yellow_yellow_yl- (142).jpg,2
709,training\feature\yellow\yellow_yellow_yl- (143).jpg,2
710,training\feature\yellow\yellow_yellow_yl- (144).jpg,2
711,training\feature\yellow\yellow_yellow_yl- (145).jpg,2
712,training\feature\yellow\yellow_yellow_yl- (146).jpg,2
713,training\feature\yellow\yellow_yellow_yl- (147).jpg,2
714,training\feature\yellow\yellow_yellow_yl- (148).jpg,2
715,training\feature\yellow\yellow_yellow_yl- (149).jpg,2
716,training\feature\yellow\yellow_yellow_yl- (15).jpg,2
717,training\feature\yellow\yellow_yellow_yl- (150).jpg,2
718,training\feature\yellow\yellow_yellow_yl- (151).jpg,2
719,training\feature\yellow\yellow_yellow_yl- (152).jpg,2
720,training\feature\yellow\yellow_yellow_yl- (153).jpg,2
721,training\feature\yellow\yellow_yellow_yl- (154).jpg,2
722,training\feature\yellow\yellow_yellow_yl- (155).jpg,2
723,training\feature\yellow\yellow_yellow_yl- (156).jpg,2
724,training\feature\yellow\yellow_yellow_yl- (157).jpg,2
725,training\feature\yellow\yellow_yellow_yl- (158).jpg,2
726,training\feature\yellow\yellow_yellow_yl- (159).jpg,2
727,training\feature\yellow\yellow_yellow_yl- (16).jpg,2
728,training\feature\yellow\yellow_yellow_yl- (160).jpg,2
729,training\feature\yellow\yellow_yellow_yl- (161).jpg,2
730,training\feature\yellow\yellow_yellow_yl- (162).jpg,2
731,training\feature\yellow\yellow_yellow_yl- (163).jpg,2
732,training\feature\yellow\yellow_yellow_yl- (164).jpg,2
733,training\feature\yellow\yellow_yellow_yl- (165).jpg,2
734,training\feature\yellow\yellow_yellow_yl- (17).jpg,2
735,training\feature\yellow\yellow_yellow_yl- (18).jpg,2
736,training\feature\yellow\yellow_yellow_yl- (181).jpg,2
737,training\feature\yellow\yellow_yellow_yl- (182).jpg,2
738,training\feature\yellow\yellow_yellow_yl- (183).jpg,2
739,training\feature\yellow\yellow_yellow_yl- (184).jpg,2
740,training\feature\yellow\yellow_yellow_yl- (185).jpg,2
741,training\feature\yellow\yellow_yellow_yl- (186).jpg,2
742,training\feature\yellow\yellow_yellow_yl- (187).jpg,2
743,training\feature\yellow\yellow_yellow_yl- (188).jpg,2
744,training\feature\yellow\yellow_yellow_yl- (189).jpg,2
745,training\feature\yellow\yellow_yellow_yl- (19).jpg,2
746,training\feature\yellow\yellow_yellow_yl- (190).jpg,2
747,training\feature\yellow\yellow_yellow_yl- (191).jpg,2
748,training\feature\yellow\yellow_yellow_yl- (192).jpg,2
749,training\feature\yellow\yellow_yellow_yl- (193).jpg,2
750,training\feature\yellow\yellow_yellow_yl- (194).jpg,2
751,training\feature\yellow\yellow_yellow_yl- (195).jpg,2
752,training\feature\yellow\yellow_yellow_yl- (2).jpg,2
753,training\feature\yellow\yellow_yellow_yl- (20).jpg,2
754,training\feature\yellow\yellow_yellow_yl- (21).jpg,2
755,training\feature\yellow\yellow_yellow_yl- (22).jpg,2
756,training\feature\yellow\yellow_yellow_yl- (23).jpg,2
757,training\feature\yellow\yellow_yellow_yl- (230).jpg,2
758,training\feature\yellow\yellow_yellow_yl- (231).jpg,2
759,training\feature\yellow\yellow_yellow_yl- (232).jpg,2
760,training\feature\yellow\yellow_yellow_yl- (233).jpg,2
761,training\feature\yellow\yellow_yellow_yl- (234).jpg,2
762,training\feature\yellow\yellow_yellow_yl- (235).jpg,2
763,training\feature\yellow\yellow_yellow_yl- (236).jpg,2
764,training\feature\yellow\yellow_yellow_yl- (237).jpg,2
765,training\feature\yellow\yellow_yellow_yl- (238).jpg,2
766,training\feature\yellow\yellow_yellow_yl- (239).jpg,2
767,training\feature\yellow\yellow_yellow_yl- (24).jpg,2
768,training\feature\yellow\yellow_yellow_yl- (240).jpg,2
769,training\feature\yellow\yellow_yellow_yl- (241).jpg,2
770,training\feature\yellow\yellow_yellow_yl- (242).jpg,2
771,training\feature\yellow\yellow_yellow_yl- (243).jpg,2
772,training\feature\yellow\yellow_yellow_yl- (244).jpg,2
773,training\feature\yellow\yellow_yellow_yl- (245).jpg,2
774,training\feature\yellow\yellow_yellow_yl- (246).jpg,2
775,training\feature\yellow\yellow_yellow_yl- (25).jpg,2
776,training\feature\yellow\yellow_yellow_yl- (26).jpg,2
777,training\feature\yellow\yellow_yellow_yl- (27).jpg,2
778,training\feature\yellow\yellow_yellow_yl- (28).jpg,2
779,training\feature\yellow\yellow_yellow_yl- (29).jpg,2
780,training\feature\yellow\yellow_yellow_yl- (290).jpg,2
781,training\feature\yellow\yellow_yellow_yl- (291).jpg,2
782,training\feature\yellow\yellow_yellow_yl- (292).jpg,2
783,training\feature\yellow\yellow_yellow_yl- (293).jpg,2
784,training\feature\yellow\yellow_yellow_yl- (294).jpg,2
785,training\feature\yellow\yellow_yellow_yl- (295).jpg,2
786,training\feature\yellow\yellow_yellow_yl- (296).jpg,2
787,training\feature\yellow\yellow_yellow_yl- (297).jpg,2
788,training\feature\yellow\yellow_yellow_yl- (298).jpg,2
789,training\feature\yellow\yellow_yellow_yl- (299).jpg,2
790,training\feature\yellow\yellow_yellow_yl- (3).jpg,2
791,training\feature\yellow\yellow_yellow_yl- (30).jpg,2
792,training\feature\yellow\yellow_yellow_yl- (300).jpg,2
793,training\feature\yellow\yellow_yellow_yl- (301).jpg,2
794,training\feature\yellow\yellow_yellow_yl- (302).jpg,2
795,training\feature\yellow\yellow_yellow_yl- (303).jpg,2
796,training\feature\yellow\yellow_yellow_yl- (304).jpg,2
797,training\feature\yellow\yellow_yellow_yl- (305).jpg,2
798,training\feature\yellow\yellow_yellow_yl- (306).jpg,2
799,training\feature\yellow\yellow_yellow_yl- (307).jpg,2
800,training\feature\yellow\yellow_yellow_yl- (308).jpg,2
801,training\feature\yellow\yellow_yellow_yl- (309).jpg,2
802,training\feature\yellow\yellow_yellow_yl- (31).jpg,2
803,training\feature\yellow\yellow_yellow_yl- (310).jpg,2
804,training\feature\yellow\yellow_yellow_yl- (311).jpg,2
805,training\feature\yellow\yellow_yellow_yl- (312).jpg,2
806,training\feature\yellow\yellow_yellow_yl- (313).jpg,2
807,training\feature\yellow\yellow_yellow_yl- (314).jpg,2
808,training\feature\yellow\yellow_yellow_yl- (315).jpg,2
809,training\feature\yellow\yellow_yellow_yl- (316).jpg,2
810,training\feature\yellow\yellow_yellow_yl- (317).jpg,2
811,training\feature\yellow\yellow_yellow_yl- (318).jpg,2
812,training\feature\yellow\yellow_yellow_yl- (319).jpg,2
813,training\feature\yellow\yellow_yellow_yl- (32).jpg,2
814,training\feature\yellow\yellow_yellow_yl- (320).jpg,2
815,training\feature\yellow\yellow_yellow_yl- (321).jpg,2
816,training\feature\yellow\yellow_yellow_yl- (322).jpg,2
817,training\feature\yellow\yellow_yellow_yl- (323).jpg,2
818,training\feature\yellow\yellow_yellow_yl- (324).jpg,2
819,training\feature\yellow\yellow_yellow_yl- (325).jpg,2
820,training\feature\yellow\yellow_yellow_yl- (326).jpg,2
821,training\feature\yellow\yellow_yellow_yl- (327).jpg,2
822,training\feature\yellow\yellow_yellow_yl- (328).jpg,2
823,training\feature\yellow\yellow_yellow_yl- (329).jpg,2
824,training\feature\yellow\yellow_yellow_yl- (33).jpg,2
825,training\feature\yellow\yellow_yellow_yl- (333).jpg,2
826,training\feature\yellow\yellow_yellow_yl- (334).jpg,2
827,training\feature\yellow\yellow_yellow_yl- (335).jpg,2
828,training\feature\yellow\yellow_yellow_yl- (336).jpg,2
829,training\feature\yellow\yellow_yellow_yl- (337).jpg,2
830,training\feature\yellow\yellow_yellow_yl- (338).jpg,2
831,training\feature\yellow\yellow_yellow_yl- (339).jpg,2
832,training\feature\yellow\yellow_yellow_yl- (34).jpg,2
833,training\feature\yellow\yellow_yellow_yl- (340).jpg,2
834,training\feature\yellow\yellow_yellow_yl- (341).jpg,2
835,training\feature\yellow\yellow_yellow_yl- (342).jpg,2
836,training\feature\yellow\yellow_yellow_yl- (343).jpg,2
837,training\feature\yellow\yellow_yellow_yl- (344).jpg,2
838,training\feature\yellow\yellow_yellow_yl- (345).jpg,2
839,training\feature\yellow\yellow_yellow_yl- (346).jpg,2
840,training\feature\yellow\yellow_yellow_yl- (347).jpg,2
841,training\feature\yellow\yellow_yellow_yl- (348).jpg,2
842,training\feature\yellow\yellow_yellow_yl- (349).jpg,2
843,training\feature\yellow\yellow_yellow_yl- (35).jpg,2
844,training\feature\yellow\yellow_yellow_yl- (350).jpg,2
845,training\feature\yellow\yellow_yellow_yl- (351).jpg,2
846,training\feature\yellow\yellow_yellow_yl- (352).jpg,2
847,training\feature\yellow\yellow_yellow_yl- (353).jpg,2
848,training\feature\yellow\yellow_yellow_yl- (354).jpg,2
849,training\feature\yellow\yellow_yellow_yl- (355).jpg,2
850,training\feature\yellow\yellow_yellow_yl- (356).jpg,2
851,training\feature\yellow\yellow_yellow_yl- (357).jpg,2
852,training\feature\yellow\yellow_yellow_yl- (358).jpg,2
853,training\feature\yellow\yellow_yellow_yl- (359).jpg,2
854,training\feature\yellow\yellow_yellow_yl- (36).jpg,2
855,training\feature\yellow\yellow_yellow_yl- (360).jpg,2
856,training\feature\yellow\yellow_yellow_yl- (361).jpg,2
857,training\feature\yellow\yellow_yellow_yl- (362).jpg,2
858,training\feature\yellow\yellow_yellow_yl- (363).jpg,2
859,training\feature\yellow\yellow_yellow_yl- (364).jpg,2
860,training\feature\yellow\yellow_yellow_yl- (365).jpg,2
861,training\feature\yellow\yellow_yellow_yl- (37).jpg,2
862,training\feature\yellow\yellow_yellow_yl- (376).jpg,2
863,training\feature\yellow\yellow_yellow_yl- (377).jpg,2
864,training\feature\yellow\yellow_yellow_yl- (378).jpg,2
865,training\feature\yellow\yellow_yellow_yl- (379).jpg,2
866,training\feature\yellow\yellow_yellow_yl- (38).jpg,2
867,training\feature\yellow\yellow_yellow_yl- (380).jpg,2
868,training\feature\yellow\yellow_yellow_yl- (381).jpg,2
869,training\feature\yellow\yellow_yellow_yl- (382).jpg,2
870,training\feature\yellow\yellow_yellow_yl- (383).jpg,2
871,training\feature\yellow\yellow_yellow_yl- (384).jpg,2
872,training\feature\yellow\yellow_yellow_yl- (385).jpg,2
873,training\feature\yellow\yellow_yellow_yl- (386).jpg,2
874,training\feature\yellow\yellow_yellow_yl- (387).jpg,2
875,training\feature\yellow\yellow_yellow_yl- (388).jpg,2
876,training\feature\yellow\yellow_yellow_yl- (389).jpg,2
877,training\feature\yellow\yellow_yellow_yl- (39).jpg,2
878,training\feature\yellow\yellow_yellow_yl- (390).jpg,2
879,training\feature\yellow\yellow_yellow_yl- (391).jpg,2
880,training\feature\yellow\yellow_yellow_yl- (392).jpg,2
881,training\feature\yellow\yellow_yellow_yl- (393).jpg,2
882,training\feature\yellow\yellow_yellow_yl- (394).jpg,2
883,training\feature\yellow\yellow_yellow_yl- (395).jpg,2
884,training\feature\yellow\yellow_yellow_yl- (396).jpg,2
885,training\feature\yellow\yellow_yellow_yl- (397).jpg,2
886,training\feature\yellow\yellow_yellow_yl- (398).jpg,2
887,training\feature\yellow\yellow_yellow_yl- (399).jpg,2
888,training\feature\yellow\yellow_yellow_yl- (4).jpg,2
889,training\feature\yellow\yellow_yellow_yl- (40).jpg,2
890,training\feature\yellow\yellow_yellow_yl- (400).jpg,2
891,training\feature\yellow\yellow_yellow_yl- (401).jpg,2
892,training\feature\yellow\yellow_yellow_yl- (402).jpg,2
893,training\feature\yellow\yellow_yellow_yl- (403).jpg,2
894,training\feature\yellow\yellow_yellow_yl- (404).jpg,2
895,training\feature\yellow\yellow_yellow_yl- (405).jpg,2
896,training\feature\yellow\yellow_yellow_yl- (406).jpg,2
897,training\feature\yellow\yellow_yellow_yl- (407).jpg,2
898,training\feature\yellow\yellow_yellow_yl- (408).jpg,2
899,training\feature\yellow\yellow_yellow_yl- (409).jpg,2
900,training\feature\yellow\yellow_yellow_yl- (41).jpg,2
901,training\feature\yellow\yellow_yellow_yl- (410).jpg,2
902,training\feature\yellow\yellow_yellow_yl- (411).jpg,2
903,training\feature\yellow\yellow_yellow_yl- (412).jpg,2
904,training\feature\yellow\yellow_yellow_yl- (413).jpg,2
905,training\feature\yellow\yellow_yellow_yl- (414).jpg,2
906,training\feature\yellow\yellow_yellow_yl- (415).jpg,2
907,training\feature\yellow\yellow_yellow_yl- (416).jpg,2
908,training\feature\yellow\yellow_yellow_yl- (417).jpg,2
909,training\feature\yellow\yellow_yellow_yl- (418).jpg,2
910,training\feature\yellow\yellow_yellow_yl- (419).jpg,2
911,training\feature\yellow\yellow_yellow_yl- (42).jpg,2
912,training\feature\yellow\yellow_yellow_yl- (420).jpg,2
913,training\feature\yellow\yellow_yellow_yl- (421).jpg,2
914,training\feature\yellow\yellow_yellow_yl- (422).jpg,2
915,training\feature\yellow\yellow_yellow_yl- (423).jpg,2
916,training\feature\yellow\yellow_yellow_yl- (424).jpg,2
917,training\feature\yellow\yellow_yellow_yl- (425).jpg,2
918,training\feature\yellow\yellow_yellow_yl- (426).jpg,2
919,training\feature\yellow\yellow_yellow_yl- (427).jpg,2
920,training\feature\yellow\yellow_yellow_yl- (428).jpg,2
921,training\feature\yellow\yellow_yellow_yl- (429).jpg,2
922,training\feature\yellow\yellow_yellow_yl- (43).jpg,2
923,training\feature\yellow\yellow_yellow_yl- (430).jpg,2
924,training\feature\yellow\yellow_yellow_yl- (431).jpg,2
925,training\feature\yellow\yellow_yellow_yl- (432).jpg,2
926,training\feature\yellow\yellow_yellow_yl- (433).jpg,2
927,training\feature\yellow\yellow_yellow_yl- (434).jpg,2
928,training\feature\yellow\yellow_yellow_yl- (435).jpg,2
929,training\feature\yellow\yellow_yellow_yl- (436).jpg,2
930,training\feature\yellow\yellow_yellow_yl- (437).jpg,2
931,training\feature\yellow\yellow_yellow_yl- (438).jpg,2
932,training\feature\yellow\yellow_yellow_yl- (439).jpg,2
933,training\feature\yellow\yellow_yellow_yl- (44).jpg,2
934,training\feature\yellow\yellow_yellow_yl- (440).jpg,2
935,training\feature\yellow\yellow_yellow_yl- (441).jpg,2
936,training\feature\yellow\yellow_yellow_yl- (442).jpg,2
937,training\feature\yellow\yellow_yellow_yl- (443).jpg,2
938,training\feature\yellow\yellow_yellow_yl- (444).jpg,2
939,training\feature\yellow\yellow_yellow_yl- (445).jpg,2
940,training\feature\yellow\yellow_yellow_yl- (45).jpg,2
941,training\feature\yellow\yellow_yellow_yl- (46).jpg,2
942,training\feature\yellow\yellow_yellow_yl- (464).jpg,2
943,training\feature\yellow\yellow_yellow_yl- (465).jpg,2
944,training\feature\yellow\yellow_yellow_yl- (466).jpg,2
945,training\feature\yellow\yellow_yellow_yl- (467).jpg,2
946,training\feature\yellow\yellow_yellow_yl- (468).jpg,2
947,training\feature\yellow\yellow_yellow_yl- (5).jpg,2
948,training\feature\yellow\yellow_yellow_yl- (6).jpg,2
949,training\feature\yellow\yellow_yellow_yl- (62).jpg,2
950,training\feature\yellow\yellow_yellow_yl- (63).jpg,2
951,training\feature\yellow\yellow_yellow_yl- (64).jpg,2
952,training\feature\yellow\yellow_yellow_yl- (65).jpg,2
953,training\feature\yellow\yellow_yellow_yl- (66).jpg,2
954,training\feature\yellow\yellow_yellow_yl- (67).jpg,2
955,training\feature\yellow\yellow_yellow_yl- (68).jpg,2
956,training\feature\yellow\yellow_yellow_yl- (69).jpg,2
957,training\feature\yellow\yellow_yellow_yl- (7).jpg,2
958,training\feature\yellow\yellow_yellow_yl- (70).jpg,2
959,training\feature\yellow\yellow_yellow_yl- (71).jpg,2
960,training\feature\yellow\yellow_yellow_yl- (72).jpg,2
961,training\feature\yellow\yellow_yellow_yl- (73).jpg,2
962,training\feature\yellow\yellow_yellow_yl- (74).jpg,2
963,training\feature\yellow\yellow_yellow_yl- (75).jpg,2
964,training\feature\yellow\yellow_yellow_yl- (76).jpg,2
965,training\feature\yellow\yellow_yellow_yl- (77).jpg,2
966,training\feature\yellow\yellow_yellow_yl- (78).jpg,2
967,training\feature\yellow\yellow_yellow_yl- (79).jpg,2
968,training\feature\yellow\yellow_yellow_yl- (8).jpg,2
969,training\feature\yellow\yellow_yellow_yl- (80).jpg,2
970,training\feature\yellow\yellow_yellow_yl- (81).jpg,2
971,training\feature\yellow\yellow_yellow_yl- (82).jpg,2
972,training\feature\yellow\yellow_yellow_yl- (83).jpg,2
973,training\feature\yellow\yellow_yellow_yl- (84).jpg,2
974,training\feature\yellow\yellow_yellow_yl- (85).jpg,2
975,training\feature\yellow\yellow_yellow_yl- (86).jpg,2
976,training\feature\yellow\yellow_yellow_yl- (87).jpg,2
977,training\feature\yellow\yellow_yellow_yl- (88).jpg,2
978,training\feature\yellow\yellow_yellow_yl- (89).jpg,2
979,training\feature\yellow\yellow_yellow_yl- (9).jpg,2
980,training\feature\yellow\yellow_yellow_yl- (90).jpg,2
981,training\feature\yellow\yellow_yellow_yl- (91).jpg,2
982,training\feature\yellow\yellow_yellow_yl- (92).jpg,2
983,training\feature\yellow\yellow_yellow_yl- (93).jpg,2
984,training\feature\yellow\yellow_yellow_yl- (94).jpg,2
985,training\feature\yellow\yellow_yellow_yl- (95).jpg,2
986,training\feature\yellow\yellow_yellow_yl- (96).jpg,2
987,training\feature\yellow\yellow_yellow_yl- (97).jpg,2
988,training\feature\yellow\yellow_yellow_yl- (98).jpg,2
989,training\feature\yellow\yellow_yellow_yl- (99).jpg,2
